{"cameraMode":{"drawMode":0,"name":"Shaded","section":"Shading Mode"},"sceneLighting":false,"audioPlay":false,"sceneViewState":{"showFog":true,"showMaterialUpdate":false,"showSkybox":true,"showFlares":true,"showImageEffects":true,"showParticleSystems":true},"in2DMode":false,"pivot":{"x":2.000000238418579,"y":0.47499996423721316,"z":1.0},"rotation":{"x":-0.07567066699266434,"y":0.9085487723350525,"z":-0.1882518082857132,"w":-0.36520469188690188},"size":2.9062960147857668,"orthographic":false}