{"cameraMode":{"drawMode":0,"name":"Shaded","section":"Shading Mode"},"sceneLighting":false,"audioPlay":false,"sceneViewState":{"showFog":true,"showMaterialUpdate":false,"showSkybox":true,"showFlares":true,"showImageEffects":true,"showParticleSystems":true},"in2DMode":false,"pivot":{"x":2.000000238418579,"y":0.4999999701976776,"z":1.0},"rotation":{"x":-0.07240979373455048,"y":0.9199258089065552,"z":-0.20359854400157929,"w":-0.3271714448928833},"size":2.8578836917877199,"orthographic":false}