{"cameraMode":{"drawMode":0,"name":"Shaded","section":"Shading Mode"},"sceneLighting":false,"audioPlay":false,"sceneViewState":{"showFog":true,"showMaterialUpdate":false,"showSkybox":true,"showFlares":true,"showImageEffects":true,"showParticleSystems":true},"in2DMode":false,"pivot":{"x":2.000000238418579,"y":0.47499996423721316,"z":1.0},"rotation":{"x":-0.03177587687969208,"y":0.967143177986145,"z":-0.15359732508659364,"w":-0.20008061826229096},"size":2.9062960147857668,"orthographic":false}